county_name,state_name
Baldwin,Alabama
Hale,Alabama
Sumter,Alabama
Talladega,Alabama
Covington,Alabama
Dallas,Alabama
Perry,Alabama
Geneva,Alabama
Lamar,Alabama
Jackson,Alabama
Cherokee,Alabama
Marshall,Alabama
Wilcox,Alabama
Clay,Alabama
Escambia,Alabama
Franklin,Alabama
Lauderdale,Alabama
Clarke,Alabama
Coffee,Alabama
Monroe,Alabama
Conecuh,Alabama
Crenshaw,Alabama
Houston,Alabama
Autauga,Alabama
Butler,Alabama
Greene,Alabama
Tuscaloosa,Alabama
Henry,Alabama
Pike,Alabama
St. Clair,Alabama
Bullock,Alabama
Calhoun,Alabama
Limestone,Alabama
Cleburne,Alabama
Colbert,Alabama
Dale,Alabama
Randolph,Alabama
Blount,Alabama
Tallapoosa,Alabama
Walker,Alabama
Jefferson,Alabama
Madison,Alabama
Barbour,Alabama
Coosa,Alabama
Cullman,Alabama
Lee,Alabama
DeKalb,Alabama
Pickens,Alabama
Choctaw,Alabama
Russell,Alabama
Bibb,Alabama
Chambers,Alabama
Montgomery,Alabama
Shelby,Alabama
Washington,Alabama
Macon,Alabama
Marion,Alabama
Mobile,Alabama
Winston,Alabama
Chilton,Alabama
Elmore,Alabama
Etowah,Alabama
Morgan,Alabama
Fayette,Alabama
Lawrence,Alabama
Lowndes,Alabama
Marengo,Alabama
Skagway,Alaska
Southeast Fairbanks,Alaska
Bethel,Alaska
Chugach,Alaska
Hoonah-Angoon,Alaska
Haines,Alaska
Kodiak Island,Alaska
Northwest Arctic,Alaska
Kusilvak,Alaska
Wrangell,Alaska
Sitka,Alaska
Ketchikan Gateway,Alaska
Petersburg,Alaska
Prince of Wales-Hyder,Alaska
Bristol Bay,Alaska
Dillingham,Alaska
Aleutians East,Alaska
Yakutat,Alaska
Matanuska-Susitna,Alaska
Denali,Alaska
Nome,Alaska
Anchorage,Alaska
Juneau,Alaska
North Slope,Alaska
Copper River,Alaska
Aleutians West,Alaska
Fairbanks North Star,Alaska
Yukon-Koyukuk,Alaska
Kenai Peninsula,Alaska
Lake and Peninsula,Alaska
Navajo,Arizona
Yavapai,Arizona
Apache,Arizona
Graham,Arizona
Mohave,Arizona
Pinal,Arizona
Coconino,Arizona
La Paz,Arizona
Yuma,Arizona
Gila,Arizona
Greenlee,Arizona
Cochise,Arizona
Maricopa,Arizona
Pima,Arizona
Santa Cruz,Arizona
Lawrence,Arkansas
Yell,Arkansas
Boone,Arkansas
Calhoun,Arkansas
Clark,Arkansas
Ouachita,Arkansas
Sevier,Arkansas
Baxter,Arkansas
Columbia,Arkansas
Greene,Arkansas
Marion,Arkansas
Washington,Arkansas
Arkansas,Arkansas
White,Arkansas
Woodruff,Arkansas
Crawford,Arkansas
Faulkner,Arkansas
Mississippi,Arkansas
Ashley,Arkansas
Bradley,Arkansas
Sebastian,Arkansas
Cleveland,Arkansas
Perry,Arkansas
Carroll,Arkansas
Jefferson,Arkansas
Phillips,Arkansas
Desha,Arkansas
Garland,Arkansas
Lincoln,Arkansas
Hempstead,Arkansas
Izard,Arkansas
Lonoke,Arkansas
Lafayette,Arkansas
Miller,Arkansas
Pike,Arkansas
Union,Arkansas
Conway,Arkansas
Howard,Arkansas
Newton,Arkansas
Pulaski,Arkansas
Stone,Arkansas
Nevada,Arkansas
Pope,Arkansas
Fulton,Arkansas
Madison,Arkansas
Poinsett,Arkansas
Scott,Arkansas
Clay,Arkansas
Dallas,Arkansas
Independence,Arkansas
Monroe,Arkansas
Chicot,Arkansas
Polk,Arkansas
Jackson,Arkansas
Johnson,Arkansas
Searcy,Arkansas
Cleburne,Arkansas
Crittenden,Arkansas
Grant,Arkansas
Prairie,Arkansas
Randolph,Arkansas
St. Francis,Arkansas
Van Buren,Arkansas
Hot Spring,Arkansas
Logan,Arkansas
Montgomery,Arkansas
Drew,Arkansas
Cross,Arkansas
Lee,Arkansas
Little River,Arkansas
Benton,Arkansas
Craighead,Arkansas
Franklin,Arkansas
Saline,Arkansas
Sharp,Arkansas
Napa,California
San Francisco,California
Alpine,California
Lake,California
Sacramento,California
Solano,California
Humboldt,California
Lassen,California
Madera,California
Orange,California
Placer,California
Mariposa,California
El Dorado,California
Alameda,California
Del Norte,California
Riverside,California
Mendocino,California
San Bernardino,California
Tulare,California
Mono,California
Monterey,California
San Diego,California
San Joaquin,California
Santa Clara,California
Shasta,California
Sonoma,California
San Luis Obispo,California
Santa Barbara,California
Yuba,California
Glenn,California
Los Angeles,California
Nevada,California
Sierra,California
Sutter,California
Tuolumne,California
Santa Cruz,California
Imperial,California
Merced,California
Yolo,California
Fresno,California
Kings,California
Marin,California
San Mateo,California
Plumas,California
Siskiyou,California
Amador,California
Contra Costa,California
Calaveras,California
Colusa,California
Inyo,California
Kern,California
Modoc,California
Tehama,California
Trinity,California
Stanislaus,California
Butte,California
San Benito,California
Ventura,California
San Miguel,Colorado
Denver,Colorado
Arapahoe,Colorado
Grand,Colorado
Las Animas,Colorado
Phillips,Colorado
Summit,Colorado
Washington,Colorado
Crowley,Colorado
Fremont,Colorado
Rio Blanco,Colorado
Conejos,Colorado
Gunnison,Colorado
Huerfano,Colorado
Jefferson,Colorado
Pueblo,Colorado
Routt,Colorado
Custer,Colorado
Eagle,Colorado
Saguache,Colorado
Douglas,Colorado
Kit Carson,Colorado
Mesa,Colorado
Mineral,Colorado
Adams,Colorado
Alamosa,Colorado
Sedgwick,Colorado
Teller,Colorado
Chaffee,Colorado
Garfield,Colorado
Lake,Colorado
Montezuma,Colorado
Morgan,Colorado
Park,Colorado
Bent,Colorado
Logan,Colorado
Delta,Colorado
Kiowa,Colorado
Boulder,Colorado
La Plata,Colorado
Archuleta,Colorado
Larimer,Colorado
Elbert,Colorado
Ouray,Colorado
Pitkin,Colorado
Prowers,Colorado
Baca,Colorado
Jackson,Colorado
Otero,Colorado
Weld,Colorado
Rio Grande,Colorado
San Juan,Colorado
Yuma,Colorado
Broomfield,Colorado
Cheyenne,Colorado
Hinsdale,Colorado
Gilpin,Colorado
Montrose,Colorado
Clear Creek,Colorado
Costilla,Colorado
Dolores,Colorado
El Paso,Colorado
Lincoln,Colorado
Capitol,Connecticut
Southeastern Connecticut,Connecticut
Northeastern Connecticut,Connecticut
Greater Bridgeport,Connecticut
South Central Connecticut,Connecticut
Western Connecticut,Connecticut
Northwest Hills,Connecticut
Lower Connecticut River Valley,Connecticut
Naugatuck Valley,Connecticut
New Castle,Delaware
Sussex,Delaware
Kent,Delaware
Clay,Florida
Escambia,Florida
Jackson,Florida
Lee,Florida
Washington,Florida
Broward,Florida
Leon,Florida
Polk,Florida
Volusia,Florida
Hardee,Florida
Hernando,Florida
Bradford,Florida
Marion,Florida
Monroe,Florida
Union,Florida
Wakulla,Florida
Lafayette,Florida
Gilchrist,Florida
Sumter,Florida
Baker,Florida
Duval,Florida
Gadsden,Florida
Orange,Florida
Brevard,Florida
Collier,Florida
Citrus,Florida
Indian River,Florida
Seminole,Florida
Calhoun,Florida
DeSoto,Florida
Manatee,Florida
Bay,Florida
Dixie,Florida
Franklin,Florida
Hendry,Florida
Glades,Florida
Madison,Florida
Okaloosa,Florida
Palm Beach,Florida
Taylor,Florida
Martin,Florida
Suwannee,Florida
Highlands,Florida
Osceola,Florida
Miami-Dade,Florida
Putnam,Florida
Alachua,Florida
Flagler,Florida
Charlotte,Florida
St. Lucie,Florida
Columbia,Florida
Levy,Florida
Okeechobee,Florida
St. Johns,Florida
Hamilton,Florida
Lake,Florida
Liberty,Florida
Pasco,Florida
Hillsborough,Florida
Jefferson,Florida
Santa Rosa,Florida
Gulf,Florida
Holmes,Florida
Nassau,Florida
Pinellas,Florida
Walton,Florida
Sarasota,Florida
Wilkes,Georgia
Bartow,Georgia
Cobb,Georgia
Dooly,Georgia
Liberty,Georgia
Oglethorpe,Georgia
Mitchell,Georgia
Upson,Georgia
Walker,Georgia
Elbert,Georgia
Spalding,Georgia
Catoosa,Georgia
Jackson,Georgia
Bibb,Georgia
Fulton,Georgia
Lanier,Georgia
Hall,Georgia
Camden,Georgia
Irwin,Georgia
Jeff Davis,Georgia
Morgan,Georgia
Union,Georgia
Worth,Georgia
Atkinson,Georgia
Clarke,Georgia
Clay,Georgia
Franklin,Georgia
Gordon,Georgia
Henry,Georgia
Murray,Georgia
Calhoun,Georgia
Echols,Georgia
Greene,Georgia
Madison,Georgia
Newton,Georgia
Richmond,Georgia
Tattnall,Georgia
Fannin,Georgia
Jasper,Georgia
Jefferson,Georgia
Peach,Georgia
Pulaski,Georgia
Troup,Georgia
Wheeler,Georgia
Pierce,Georgia
Walton,Georgia
Clinch,Georgia
Crawford,Georgia
Glascock,Georgia
Jones,Georgia
Talbot,Georgia
Taliaferro,Georgia
Crisp,Georgia
Laurens,Georgia
McIntosh,Georgia
Oconee,Georgia
Paulding,Georgia
Barrow,Georgia
Bleckley,Georgia
Chattahoochee,Georgia
Chattooga,Georgia
Carroll,Georgia
Cherokee,Georgia
Floyd,Georgia
Hart,Georgia
Macon,Georgia
Polk,Georgia
Washington,Georgia
Bryan,Georgia
Columbia,Georgia
Early,Georgia
Fayette,Georgia
Heard,Georgia
Long,Georgia
Marion,Georgia
Rabun,Georgia
Screven,Georgia
Taylor,Georgia
Toombs,Georgia
Pike,Georgia
Dodge,Georgia
Gilmer,Georgia
Harris,Georgia
Jenkins,Georgia
Thomas,Georgia
Brooks,Georgia
Dawson,Georgia
Houston,Georgia
Lincoln,Georgia
Montgomery,Georgia
Gwinnett,Georgia
Randolph,Georgia
Ware,Georgia
Emanuel,Georgia
Forsyth,Georgia
Haralson,Georgia
Putnam,Georgia
Rockdale,Georgia
Tift,Georgia
Wayne,Georgia
Ben Hill,Georgia
Colquitt,Georgia
Effingham,Georgia
Habersham,Georgia
Seminole,Georgia
Treutlen,Georgia
Sumter,Georgia
Wilkinson,Georgia
Banks,Georgia
Lamar,Georgia
Lowndes,Georgia
Lumpkin,Georgia
Stephens,Georgia
Turner,Georgia
Warren,Georgia
Baker,Georgia
Brantley,Georgia
Coweta,Georgia
DeKalb,Georgia
McDuffie,Georgia
Baldwin,Georgia
Charlton,Georgia
Coffee,Georgia
Dougherty,Georgia
Grady,Georgia
Telfair,Georgia
Dade,Georgia
Glynn,Georgia
Hancock,Georgia
Terrell,Georgia
Whitfield,Georgia
Wilcox,Georgia
Bulloch,Georgia
Chatham,Georgia
Decatur,Georgia
Douglas,Georgia
Johnson,Georgia
Lee,Georgia
Monroe,Georgia
Quitman,Georgia
Stewart,Georgia
Towns,Georgia
Twiggs,Georgia
Cook,Georgia
Evans,Georgia
Burke,Georgia
Appling,Georgia
Bacon,Georgia
Berrien,Georgia
Candler,Georgia
Clayton,Georgia
Muscogee,Georgia
Pickens,Georgia
Schley,Georgia
Webster,Georgia
White,Georgia
Meriwether,Georgia
Miller,Georgia
Butts,Georgia
Guam,Guam
Kalawao,Hawaii
Maui,Hawaii
Honolulu,Hawaii
Hawaii,Hawaii
Kauai,Hawaii
Idaho,Idaho
Power,Idaho
Boise,Idaho
Adams,Idaho
Bingham,Idaho
Madison,Idaho
Camas,Idaho
Elmore,Idaho
Minidoka,Idaho
Cassia,Idaho
Jefferson,Idaho
Lemhi,Idaho
Oneida,Idaho
Twin Falls,Idaho
Lewis,Idaho
Teton,Idaho
Boundary,Idaho
Canyon,Idaho
Bonner,Idaho
Jerome,Idaho
Nez Perce,Idaho
Bonneville,Idaho
Bear Lake,Idaho
Benewah,Idaho
Latah,Idaho
Custer,Idaho
Franklin,Idaho
Fremont,Idaho
Kootenai,Idaho
Owyhee,Idaho
Payette,Idaho
Washington,Idaho
Blaine,Idaho
Caribou,Idaho
Clark,Idaho
Ada,Idaho
Clearwater,Idaho
Gem,Idaho
Lincoln,Idaho
Valley,Idaho
Butte,Idaho
Bannock,Idaho
Shoshone,Idaho
Gooding,Idaho
Clay,Illinois
Hamilton,Illinois
Jackson,Illinois
Madison,Illinois
Adams,Illinois
Hancock,Illinois
Hardin,Illinois
Ogle,Illinois
Rock Island,Illinois
Wayne,Illinois
Calhoun,Illinois
Clinton,Illinois
Iroquois,Illinois
Pike,Illinois
Alexander,Illinois
Kane,Illinois
Monroe,Illinois
Pope,Illinois
Logan,Illinois
Mercer,Illinois
Jersey,Illinois
Jo Daviess,Illinois
Montgomery,Illinois
Morgan,Illinois
Moultrie,Illinois
Sangamon,Illinois
Livingston,Illinois
Greene,Illinois
Marion,Illinois
St. Clair,Illinois
Tazewell,Illinois
Douglas,Illinois
Edwards,Illinois
Jefferson,Illinois
Brown,Illinois
Lee,Illinois
Stephenson,Illinois
Cass,Illinois
Fayette,Illinois
LaSalle,Illinois
Marshall,Illinois
Cumberland,Illinois
Henderson,Illinois
McHenry,Illinois
Peoria,Illinois
Christian,Illinois
Crawford,Illinois
DuPage,Illinois
Effingham,Illinois
Franklin,Illinois
Macoupin,Illinois
Union,Illinois
Warren,Illinois
Williamson,Illinois
Lake,Illinois
Lawrence,Illinois
Mason,Illinois
Pulaski,Illinois
Randolph,Illinois
Perry,Illinois
Shelby,Illinois
Boone,Illinois
Cook,Illinois
Kankakee,Illinois
Knox,Illinois
Stark,Illinois
Washington,Illinois
White,Illinois
Woodford,Illinois
Bureau,Illinois
Carroll,Illinois
Coles,Illinois
De Witt,Illinois
Vermilion,Illinois
Wabash,Illinois
Clark,Illinois
McDonough,Illinois
Massac,Illinois
Piatt,Illinois
Champaign,Illinois
Edgar,Illinois
Johnson,Illinois
Macon,Illinois
Menard,Illinois
Putnam,Illinois
Ford,Illinois
Gallatin,Illinois
Henry,Illinois
Will,Illinois
Winnebago,Illinois
Jasper,Illinois
McLean,Illinois
Scott,Illinois
Bond,Illinois
Fulton,Illinois
Grundy,Illinois
Kendall,Illinois
Saline,Illinois
Richland,Illinois
Whiteside,Illinois
DeKalb,Illinois
Schuyler,Illinois
Boone,Indiana
Fountain,Indiana
Jennings,Indiana
Newton,Indiana
Wells,Indiana
Cass,Indiana
Clark,Indiana
Elkhart,Indiana
Hamilton,Indiana
Lake,Indiana
Ripley,Indiana
Wabash,Indiana
White,Indiana
Greene,Indiana
Kosciusko,Indiana
Morgan,Indiana
Harrison,Indiana
Henry,Indiana
Lawrence,Indiana
Brown,Indiana
Floyd,Indiana
Owen,Indiana
Putnam,Indiana
Shelby,Indiana
Vanderburgh,Indiana
Fayette,Indiana
Grant,Indiana
St. Joseph,Indiana
Steuben,Indiana
Adams,Indiana
Howard,Indiana
Jefferson,Indiana
Miami,Indiana
Blackford,Indiana
Daviess,Indiana
Franklin,Indiana
Huntington,Indiana
LaPorte,Indiana
Warrick,Indiana
Perry,Indiana
Switzerland,Indiana
Union,Indiana
Warren,Indiana
Clay,Indiana
Randolph,Indiana
Washington,Indiana
Delaware,Indiana
Posey,Indiana
Vigo,Indiana
Dubois,Indiana
Fulton,Indiana
Decatur,Indiana
Orange,Indiana
Pike,Indiana
Jasper,Indiana
Carroll,Indiana
Knox,Indiana
Madison,Indiana
Pulaski,Indiana
Tippecanoe,Indiana
Vermillion,Indiana
Whitley,Indiana
Gibson,Indiana
Hancock,Indiana
Marshall,Indiana
Ohio,Indiana
Porter,Indiana
Spencer,Indiana
Benton,Indiana
DeKalb,Indiana
Johnson,Indiana
Montgomery,Indiana
Noble,Indiana
LaGrange,Indiana
Sullivan,Indiana
Rush,Indiana
Crawford,Indiana
Martin,Indiana
Parke,Indiana
Tipton,Indiana
Allen,Indiana
Jay,Indiana
Monroe,Indiana
Wayne,Indiana
Clinton,Indiana
Dearborn,Indiana
Hendricks,Indiana
Jackson,Indiana
Scott,Indiana
Starke,Indiana
Bartholomew,Indiana
Marion,Indiana
Crawford,Iowa
Jasper,Iowa
Jones,Iowa
Webster,Iowa
Winneshiek,Iowa
Adams,Iowa
Delaware,Iowa
Mitchell,Iowa
Plymouth,Iowa
Taylor,Iowa
Black Hawk,Iowa
Clinton,Iowa
Emmet,Iowa
Fremont,Iowa
Grundy,Iowa
Guthrie,Iowa
Story,Iowa
Cedar,Iowa
Madison,Iowa
Winnebago,Iowa
Adair,Iowa
Bremer,Iowa
Dickinson,Iowa
Hamilton,Iowa
Howard,Iowa
Allamakee,Iowa
Lyon,Iowa
Monroe,Iowa
Pocahontas,Iowa
Appanoose,Iowa
Page,Iowa
Humboldt,Iowa
Fayette,Iowa
Kossuth,Iowa
Lee,Iowa
Sac,Iowa
Iowa,Iowa
Woodbury,Iowa
Clay,Iowa
Harrison,Iowa
Henry,Iowa
Sioux,Iowa
Davis,Iowa
Pottawattamie,Iowa
Clayton,Iowa
Van Buren,Iowa
Butler,Iowa
Marion,Iowa
Decatur,Iowa
Greene,Iowa
Muscatine,Iowa
Chickasaw,Iowa
Floyd,Iowa
Mills,Iowa
Boone,Iowa
Johnson,Iowa
Polk,Iowa
Ida,Iowa
Louisa,Iowa
Montgomery,Iowa
Cass,Iowa
Monona,Iowa
Scott,Iowa
Mahaska,Iowa
Wapello,Iowa
Worth,Iowa
Calhoun,Iowa
Hardin,Iowa
Poweshiek,Iowa
Union,Iowa
Warren,Iowa
Wayne,Iowa
Audubon,Iowa
Buena Vista,Iowa
Des Moines,Iowa
Jefferson,Iowa
O'Brien,Iowa
Keokuk,Iowa
Tama,Iowa
Benton,Iowa
Hancock,Iowa
Linn,Iowa
Lucas,Iowa
Palo Alto,Iowa
Wright,Iowa
Dallas,Iowa
Cerro Gordo,Iowa
Cherokee,Iowa
Jackson,Iowa
Marshall,Iowa
Buchanan,Iowa
Dubuque,Iowa
Osceola,Iowa
Shelby,Iowa
Washington,Iowa
Carroll,Iowa
Clarke,Iowa
Franklin,Iowa
Ringgold,Iowa
Wilson,Kansas
Cherokee,Kansas
Lincoln,Kansas
Johnson,Kansas
Meade,Kansas
Norton,Kansas
Pratt,Kansas
Reno,Kansas
Seward,Kansas
Stafford,Kansas
Woodson,Kansas
Dickinson,Kansas
Greeley,Kansas
Pawnee,Kansas
Rooks,Kansas
Stanton,Kansas
Anderson,Kansas
Clark,Kansas
Harvey,Kansas
Kearny,Kansas
Comanche,Kansas
Gray,Kansas
Lane,Kansas
Marion,Kansas
Republic,Kansas
Riley,Kansas
Sheridan,Kansas
Doniphan,Kansas
Morton,Kansas
Saline,Kansas
Smith,Kansas
Stevens,Kansas
Atchison,Kansas
Elk,Kansas
Jackson,Kansas
Leavenworth,Kansas
Shawnee,Kansas
Gove,Kansas
Harper,Kansas
Morris,Kansas
Neosho,Kansas
Chautauqua,Kansas
Butler,Kansas
Kiowa,Kansas
Thomas,Kansas
Wyandotte,Kansas
Clay,Kansas
Douglas,Kansas
Logan,Kansas
Mitchell,Kansas
Osborne,Kansas
Sedgwick,Kansas
Bourbon,Kansas
Haskell,Kansas
Scott,Kansas
Allen,Kansas
Rawlins,Kansas
Crawford,Kansas
Pottawatomie,Kansas
Brown,Kansas
Cloud,Kansas
Coffey,Kansas
Nemaha,Kansas
Labette,Kansas
Linn,Kansas
Ness,Kansas
Wabaunsee,Kansas
Decatur,Kansas
Hodgeman,Kansas
Ottawa,Kansas
Rice,Kansas
Sherman,Kansas
Washington,Kansas
Chase,Kansas
Franklin,Kansas
Graham,Kansas
Osage,Kansas
Sumner,Kansas
Wichita,Kansas
Barber,Kansas
Cowley,Kansas
Geary,Kansas
Rush,Kansas
Ellis,Kansas
Ellsworth,Kansas
Trego,Kansas
Barton,Kansas
Cheyenne,Kansas
Grant,Kansas
Greenwood,Kansas
Marshall,Kansas
Russell,Kansas
Edwards,Kansas
Ford,Kansas
Hamilton,Kansas
Kingman,Kansas
Montgomery,Kansas
Jewell,Kansas
Miami,Kansas
Phillips,Kansas
Finney,Kansas
Jefferson,Kansas
Lyon,Kansas
McPherson,Kansas
Wallace,Kansas
Henderson,Kentucky
Henry,Kentucky
Jessamine,Kentucky
Laurel,Kentucky
Marion,Kentucky
Menifee,Kentucky
Warren,Kentucky
Wayne,Kentucky
Hart,Kentucky
Muhlenberg,Kentucky
Shelby,Kentucky
Boyd,Kentucky
Bullitt,Kentucky
Carroll,Kentucky
Greenup,Kentucky
Jackson,Kentucky
Pendleton,Kentucky
Webster,Kentucky
Adair,Kentucky
Allen,Kentucky
Estill,Kentucky
Garrard,Kentucky
Grant,Kentucky
Nelson,Kentucky
Robertson,Kentucky
Ballard,Kentucky
Gallatin,Kentucky
Powell,Kentucky
Johnson,Kentucky
Morgan,Kentucky
Scott,Kentucky
Jefferson,Kentucky
Larue,Kentucky
Lewis,Kentucky
Nicholas,Kentucky
Anderson,Kentucky
Clark,Kentucky
Clinton,Kentucky
Fayette,Kentucky
Green,Kentucky
Kenton,Kentucky
Lyon,Kentucky
Boyle,Kentucky
Barren,Kentucky
Carlisle,Kentucky
Elliott,Kentucky
Mason,Kentucky
Owsley,Kentucky
Cumberland,Kentucky
Daviess,Kentucky
Hardin,Kentucky
Breckinridge,Kentucky
Butler,Kentucky
Mercer,Kentucky
Montgomery,Kentucky
Calloway,Kentucky
Crittenden,Kentucky
Edmonson,Kentucky
Graves,Kentucky
Hancock,Kentucky
Meade,Kentucky
Bath,Kentucky
Boone,Kentucky
Ohio,Kentucky
Rowan,Kentucky
Casey,Kentucky
McCreary,Kentucky
Oldham,Kentucky
Owen,Kentucky
Magoffin,Kentucky
Pike,Kentucky
McCracken,Kentucky
Washington,Kentucky
Floyd,Kentucky
Harrison,Kentucky
Knott,Kentucky
Perry,Kentucky
Letcher,Kentucky
Monroe,Kentucky
Russell,Kentucky
Union,Kentucky
Whitley,Kentucky
Woodford,Kentucky
Bell,Kentucky
Franklin,Kentucky
Fulton,Kentucky
Grayson,Kentucky
Hopkins,Kentucky
Knox,Kentucky
Lincoln,Kentucky
Trimble,Kentucky
Madison,Kentucky
Pulaski,Kentucky
Taylor,Kentucky
Christian,Kentucky
Lawrence,Kentucky
Livingston,Kentucky
Rockcastle,Kentucky
Wolfe,Kentucky
Bracken,Kentucky
Breathitt,Kentucky
Harlan,Kentucky
McLean,Kentucky
Marshall,Kentucky
Martin,Kentucky
Metcalfe,Kentucky
Todd,Kentucky
Carter,Kentucky
Clay,Kentucky
Fleming,Kentucky
Leslie,Kentucky
Logan,Kentucky
Spencer,Kentucky
Caldwell,Kentucky
Lee,Kentucky
Bourbon,Kentucky
Campbell,Kentucky
Hickman,Kentucky
Simpson,Kentucky
Trigg,Kentucky
Terrebonne,Louisiana
Concordia,Louisiana
Franklin,Louisiana
Iberia,Louisiana
Madison,Louisiana
Pointe Coupee,Louisiana
Cameron,Louisiana
Red River,Louisiana
Lafourche,Louisiana
Ouachita,Louisiana
St. Helena,Louisiana
Tensas,Louisiana
East Feliciana,Louisiana
Lincoln,Louisiana
Plaquemines,Louisiana
West Carroll,Louisiana
St. Martin,Louisiana
Calcasieu,Louisiana
Washington,Louisiana
Ascension,Louisiana
Claiborne,Louisiana
Tangipahoa,Louisiana
Beauregard,Louisiana
Caddo,Louisiana
Caldwell,Louisiana
Iberville,Louisiana
Livingston,Louisiana
Avoyelles,Louisiana
LaSalle,Louisiana
Assumption,Louisiana
St. Mary,Louisiana
Allen,Louisiana
Bossier,Louisiana
De Soto,Louisiana
Vernon,Louisiana
Webster,Louisiana
East Carroll,Louisiana
Acadia,Louisiana
Richland,Louisiana
St. Charles,Louisiana
St. John the Baptist,Louisiana
Natchitoches,Louisiana
St. Bernard,Louisiana
St. James,Louisiana
Union,Louisiana
Lafayette,Louisiana
Orleans,Louisiana
Jackson,Louisiana
St. Landry,Louisiana
Jefferson,Louisiana
Vermilion,Louisiana
Winn,Louisiana
Catahoula,Louisiana
Rapides,Louisiana
West Baton Rouge,Louisiana
West Feliciana,Louisiana
Grant,Louisiana
Morehouse,Louisiana
Sabine,Louisiana
Evangeline,Louisiana
St. Tammany,Louisiana
Bienville,Louisiana
East Baton Rouge,Louisiana
Jefferson Davis,Louisiana
Hancock,Maine
Knox,Maine
Franklin,Maine
Lincoln,Maine
Somerset,Maine
Sagadahoc,Maine
Waldo,Maine
Androscoggin,Maine
Washington,Maine
Penobscot,Maine
Kennebec,Maine
Piscataquis,Maine
Aroostook,Maine
Cumberland,Maine
York,Maine
Oxford,Maine
Garrett,Maryland
Caroline,Maryland
Dorchester,Maryland
Wicomico,Maryland
Calvert,Maryland
Frederick,Maryland
Kent,Maryland
Baltimore,Maryland
Washington,Maryland
Allegany,Maryland
Prince George's,Maryland
Anne Arundel,Maryland
Baltimore,Maryland
Cecil,Maryland
St. Mary's,Maryland
Somerset,Maryland
Montgomery,Maryland
Queen Anne's,Maryland
Talbot,Maryland
Harford,Maryland
Charles,Maryland
Carroll,Maryland
Worcester,Maryland
Howard,Maryland
Franklin,Massachusetts
Bristol,Massachusetts
Hampshire,Massachusetts
Berkshire,Massachusetts
Plymouth,Massachusetts
Norfolk,Massachusetts
Essex,Massachusetts
Suffolk,Massachusetts
Nantucket,Massachusetts
Worcester,Massachusetts
Barnstable,Massachusetts
Middlesex,Massachusetts
Dukes,Massachusetts
Hampden,Massachusetts
Allegan,Michigan
Clare,Michigan
Delta,Michigan
Jackson,Michigan
Huron,Michigan
Sanilac,Michigan
Shiawassee,Michigan
Barry,Michigan
Grand Traverse,Michigan
Lenawee,Michigan
Missaukee,Michigan
Muskegon,Michigan
Ogemaw,Michigan
St. Clair,Michigan
Berrien,Michigan
Crawford,Michigan
Dickinson,Michigan
Luce,Michigan
Saginaw,Michigan
Iosco,Michigan
Isabella,Michigan
Roscommon,Michigan
St. Joseph,Michigan
Charlevoix,Michigan
Chippewa,Michigan
Gratiot,Michigan
Mackinac,Michigan
Montmorency,Michigan
Schoolcraft,Michigan
Keweenaw,Michigan
Macomb,Michigan
Mason,Michigan
Montcalm,Michigan
Presque Isle,Michigan
Livingston,Michigan
Alcona,Michigan
Antrim,Michigan
Bay,Michigan
Calhoun,Michigan
Hillsdale,Michigan
Mecosta,Michigan
Ontonagon,Michigan
Kent,Michigan
Lake,Michigan
Monroe,Michigan
Alpena,Michigan
Baraga,Michigan
Benzie,Michigan
Gladwin,Michigan
Menominee,Michigan
Ionia,Michigan
Lapeer,Michigan
Manistee,Michigan
Oakland,Michigan
Wayne,Michigan
Ingham,Michigan
Branch,Michigan
Clinton,Michigan
Cass,Michigan
Emmet,Michigan
Leelanau,Michigan
Washtenaw,Michigan
Marquette,Michigan
Midland,Michigan
Van Buren,Michigan
Wexford,Michigan
Newaygo,Michigan
Tuscola,Michigan
Alger,Michigan
Cheboygan,Michigan
Gogebic,Michigan
Oscoda,Michigan
Otsego,Michigan
Genesee,Michigan
Iron,Michigan
Oceana,Michigan
Osceola,Michigan
Houghton,Michigan
Kalamazoo,Michigan
Kalkaska,Michigan
Ottawa,Michigan
Arenac,Michigan
Eaton,Michigan
Kittson,Minnesota
Red Lake,Minnesota
Swift,Minnesota
Beltrami,Minnesota
Isanti,Minnesota
Itasca,Minnesota
Olmsted,Minnesota
Otter Tail,Minnesota
Pennington,Minnesota
Ramsey,Minnesota
Lake,Minnesota
Stearns,Minnesota
Fillmore,Minnesota
Wadena,Minnesota
Nicollet,Minnesota
Pipestone,Minnesota
Becker,Minnesota
Hubbard,Minnesota
McLeod,Minnesota
Polk,Minnesota
Pope,Minnesota
Anoka,Minnesota
Carlton,Minnesota
Grant,Minnesota
Scott,Minnesota
Wabasha,Minnesota
Lyon,Minnesota
Traverse,Minnesota
Yellow Medicine,Minnesota
Benton,Minnesota
Martin,Minnesota
Mahnomen,Minnesota
Washington,Minnesota
Watonwan,Minnesota
Freeborn,Minnesota
Sibley,Minnesota
Clearwater,Minnesota
Dodge,Minnesota
Carver,Minnesota
Lincoln,Minnesota
Murray,Minnesota
Morrison,Minnesota
Redwood,Minnesota
Koochiching,Minnesota
Norman,Minnesota
Big Stone,Minnesota
Lake of the Woods,Minnesota
Le Sueur,Minnesota
Meeker,Minnesota
St. Louis,Minnesota
Kandiyohi,Minnesota
Waseca,Minnesota
Winona,Minnesota
Douglas,Minnesota
Rice,Minnesota
Todd,Minnesota
Cook,Minnesota
Hennepin,Minnesota
Blue Earth,Minnesota
Brown,Minnesota
Clay,Minnesota
Houston,Minnesota
Sherburne,Minnesota
Wright,Minnesota
Kanabec,Minnesota
Mower,Minnesota
Pine,Minnesota
Dakota,Minnesota
Goodhue,Minnesota
Marshall,Minnesota
Stevens,Minnesota
Cass,Minnesota
Chippewa,Minnesota
Chisago,Minnesota
Cottonwood,Minnesota
Lac qui Parle,Minnesota
Mille Lacs,Minnesota
Wilkin,Minnesota
Renville,Minnesota
Rock,Minnesota
Nobles,Minnesota
Roseau,Minnesota
Steele,Minnesota
Aitkin,Minnesota
Crow Wing,Minnesota
Faribault,Minnesota
Jackson,Minnesota
Jefferson,Mississippi
Chickasaw,Mississippi
Lafayette,Mississippi
Wilkinson,Mississippi
Grenada,Mississippi
Kemper,Mississippi
Monroe,Mississippi
Covington,Mississippi
Humphreys,Mississippi
Leake,Mississippi
Marshall,Mississippi
Choctaw,Mississippi
Greene,Mississippi
Holmes,Mississippi
Pearl River,Mississippi
Adams,Mississippi
Clay,Mississippi
Lamar,Mississippi
Tunica,Mississippi
Lawrence,Mississippi
Prentiss,Mississippi
Tate,Mississippi
Clarke,Mississippi
Claiborne,Mississippi
Lowndes,Mississippi
Stone,Mississippi
Amite,Mississippi
Jasper,Mississippi
Jefferson Davis,Mississippi
Perry,Mississippi
Smith,Mississippi
Carroll,Mississippi
Marion,Mississippi
Hancock,Mississippi
Hinds,Mississippi
Jackson,Mississippi
Lauderdale,Mississippi
Copiah,Mississippi
Warren,Mississippi
Yazoo,Mississippi
Lee,Mississippi
Madison,Mississippi
Oktibbeha,Mississippi
Washington,Mississippi
Newton,Mississippi
Pontotoc,Mississippi
Webster,Mississippi
Itawamba,Mississippi
Lincoln,Mississippi
Attala,Mississippi
Tishomingo,Mississippi
Wayne,Mississippi
Calhoun,Mississippi
Harrison,Mississippi
Issaquena,Mississippi
Quitman,Mississippi
Bolivar,Mississippi
Sharkey,Mississippi
Simpson,Mississippi
Yalobusha,Mississippi
Pike,Mississippi
Scott,Mississippi
Sunflower,Mississippi
DeSoto,Mississippi
Franklin,Mississippi
Rankin,Mississippi
Forrest,Mississippi
Montgomery,Mississippi
Walthall,Mississippi
Leflore,Mississippi
Neshoba,Mississippi
Noxubee,Mississippi
Tallahatchie,Mississippi
Union,Mississippi
Panola,Mississippi
Tippah,Mississippi
Coahoma,Mississippi
Winston,Mississippi
Alcorn,Mississippi
Benton,Mississippi
George,Mississippi
Jones,Mississippi
Harrison,Missouri
Jefferson,Missouri
Newton,Missouri
Wayne,Missouri
Cape Girardeau,Missouri
Clay,Missouri
Platte,Missouri
Ste. Genevieve,Missouri
Taney,Missouri
Caldwell,Missouri
Dunklin,Missouri
Lewis,Missouri
Shannon,Missouri
Dade,Missouri
Madison,Missouri
Morgan,Missouri
Polk,Missouri
Schuyler,Missouri
Douglas,Missouri
Jackson,Missouri
Knox,Missouri
Pemiscot,Missouri
Greene,Missouri
Iron,Missouri
Ozark,Missouri
Wright,Missouri
Adair,Missouri
Crawford,Missouri
Lincoln,Missouri
Maries,Missouri
Ray,Missouri
Cass,Missouri
Christian,Missouri
Lawrence,Missouri
St. Louis,Missouri
Andrew,Missouri
Barton,Missouri
Clinton,Missouri
Mississippi,Missouri
St. Francois,Missouri
Saline,Missouri
Scotland,Missouri
Sullivan,Missouri
Bollinger,Missouri
Oregon,Missouri
St. Clair,Missouri
Webster,Missouri
Montgomery,Missouri
Nodaway,Missouri
Perry,Missouri
Pike,Missouri
Reynolds,Missouri
Benton,Missouri
Carroll,Missouri
Carter,Missouri
Pettis,Missouri
Randolph,Missouri
Scott,Missouri
Marion,Missouri
Stoddard,Missouri
Bates,Missouri
Buchanan,Missouri
Cooper,Missouri
Lafayette,Missouri
Livingston,Missouri
Putnam,Missouri
Ralls,Missouri
Vernon,Missouri
Worth,Missouri
Callaway,Missouri
Henry,Missouri
McDonald,Missouri
Osage,Missouri
Cedar,Missouri
Chariton,Missouri
Ripley,Missouri
Laclede,Missouri
Phelps,Missouri
Shelby,Missouri
Camden,Missouri
Moniteau,Missouri
St. Charles,Missouri
Texas,Missouri
Washington,Missouri
Dent,Missouri
Franklin,Missouri
Howell,Missouri
DeKalb,Missouri
Johnson,Missouri
Linn,Missouri
Macon,Missouri
St. Louis,Missouri
Grundy,Missouri
Monroe,Missouri
Daviess,Missouri
Mercer,Missouri
Butler,Missouri
Barry,Missouri
Clark,Missouri
Gentry,Missouri
New Madrid,Missouri
Warren,Missouri
Cole,Missouri
Gasconade,Missouri
Hickory,Missouri
Stone,Missouri
Audrain,Missouri
Boone,Missouri
Atchison,Missouri
Dallas,Missouri
Holt,Missouri
Howard,Missouri
Miller,Missouri
Jasper,Missouri
Pulaski,Missouri
Lincoln,Montana
Musselshell,Montana
Roosevelt,Montana
Beaverhead,Montana
Daniels,Montana
Lewis and Clark,Montana
Ravalli,Montana
Rosebud,Montana
Treasure,Montana
Cascade,Montana
Gallatin,Montana
Park,Montana
Sanders,Montana
Wheatland,Montana
Sheridan,Montana
Glacier,Montana
Fallon,Montana
Blaine,Montana
Broadwater,Montana
Valley,Montana
Custer,Montana
Phillips,Montana
Deer Lodge,Montana
Powder River,Montana
Silver Bow,Montana
Jefferson,Montana
Judith Basin,Montana
Madison,Montana
Missoula,Montana
Chouteau,Montana
Richland,Montana
Hill,Montana
Powell,Montana
Toole,Montana
Big Horn,Montana
Wibaux,Montana
Dawson,Montana
Teton,Montana
Fergus,Montana
Petroleum,Montana
Stillwater,Montana
Golden Valley,Montana
Lake,Montana
Prairie,Montana
Meagher,Montana
Pondera,Montana
Garfield,Montana
Sweet Grass,Montana
Carbon,Montana
Liberty,Montana
Mineral,Montana
Granite,Montana
McCone,Montana
Carter,Montana
Flathead,Montana
Yellowstone,Montana
Greeley,Nebraska
Cuming,Nebraska
Custer,Nebraska
Hooker,Nebraska
Valley,Nebraska
Washington,Nebraska
Deuel,Nebraska
Antelope,Nebraska
Arthur,Nebraska
Cass,Nebraska
Holt,Nebraska
Scotts Bluff,Nebraska
Sherman,Nebraska
Webster,Nebraska
Sarpy,Nebraska
Fillmore,Nebraska
McPherson,Nebraska
Thomas,Nebraska
Dawson,Nebraska
Lancaster,Nebraska
Thayer,Nebraska
Garfield,Nebraska
Howard,Nebraska
Pawnee,Nebraska
Polk,Nebraska
Dakota,Nebraska
Franklin,Nebraska
Lincoln,Nebraska
Saunders,Nebraska
Thurston,Nebraska
Burt,Nebraska
Dawes,Nebraska
Banner,Nebraska
Box Butte,Nebraska
Dixon,Nebraska
Keya Paha,Nebraska
Logan,Nebraska
Perkins,Nebraska
Butler,Nebraska
Dundy,Nebraska
Keith,Nebraska
Nemaha,Nebraska
Phelps,Nebraska
Sioux,Nebraska
Garden,Nebraska
Red Willow,Nebraska
Knox,Nebraska
Wayne,Nebraska
Dodge,Nebraska
Hamilton,Nebraska
Stanton,Nebraska
Buffalo,Nebraska
Cherry,Nebraska
Gosper,Nebraska
Johnson,Nebraska
Richardson,Nebraska
Boone,Nebraska
Jefferson,Nebraska
Seward,Nebraska
York,Nebraska
Cedar,Nebraska
Furnas,Nebraska
Harlan,Nebraska
Kearney,Nebraska
Loup,Nebraska
Saline,Nebraska
Adams,Nebraska
Brown,Nebraska
Chase,Nebraska
Hall,Nebraska
Hitchcock,Nebraska
Pierce,Nebraska
Rock,Nebraska
Wheeler,Nebraska
Colfax,Nebraska
Madison,Nebraska
Morrill,Nebraska
Otoe,Nebraska
Blaine,Nebraska
Boyd,Nebraska
Grant,Nebraska
Hayes,Nebraska
Kimball,Nebraska
Clay,Nebraska
Gage,Nebraska
Douglas,Nebraska
Frontier,Nebraska
Nance,Nebraska
Sheridan,Nebraska
Nuckolls,Nebraska
Cheyenne,Nebraska
Merrick,Nebraska
Platte,Nebraska
Pershing,Nevada
Elko,Nevada
Carson City,Nevada
Lincoln,Nevada
Lyon,Nevada
Nye,Nevada
Esmeralda,Nevada
Humboldt,Nevada
Churchill,Nevada
Douglas,Nevada
Storey,Nevada
Eureka,Nevada
Lander,Nevada
Washoe,Nevada
Clark,Nevada
White Pine,Nevada
Mineral,Nevada
Rockingham,New Hampshire
Sullivan,New Hampshire
Merrimack,New Hampshire
Grafton,New Hampshire
Belknap,New Hampshire
Coos,New Hampshire
Cheshire,New Hampshire
Carroll,New Hampshire
Strafford,New Hampshire
Hillsborough,New Hampshire
Ocean,New Jersey
Hudson,New Jersey
Morris,New Jersey
Union,New Jersey
Mercer,New Jersey
Essex,New Jersey
Cumberland,New Jersey
Salem,New Jersey
Somerset,New Jersey
Atlantic,New Jersey
Bergen,New Jersey
Passaic,New Jersey
Cape May,New Jersey
Camden,New Jersey
Gloucester,New Jersey
Warren,New Jersey
Middlesex,New Jersey
Hunterdon,New Jersey
Sussex,New Jersey
Monmouth,New Jersey
Burlington,New Jersey
Cibola,New Mexico
San Miguel,New Mexico
Harding,New Mexico
Union,New Mexico
Colfax,New Mexico
De Baca,New Mexico
San Juan,New Mexico
Socorro,New Mexico
Guadalupe,New Mexico
Hidalgo,New Mexico
Luna,New Mexico
Rio Arriba,New Mexico
Bernalillo,New Mexico
Curry,New Mexico
Catron,New Mexico
Grant,New Mexico
Mora,New Mexico
Quay,New Mexico
Sierra,New Mexico
Roosevelt,New Mexico
Sandoval,New Mexico
Santa Fe,New Mexico
Torrance,New Mexico
Valencia,New Mexico
Lea,New Mexico
Taos,New Mexico
Dona Ana,New Mexico
Eddy,New Mexico
Lincoln,New Mexico
Los Alamos,New Mexico
Chaves,New Mexico
McKinley,New Mexico
Otero,New Mexico
Dutchess,New York
Herkimer,New York
Jefferson,New York
Broome,New York
Nassau,New York
Tompkins,New York
Bronx,New York
Columbia,New York
Delaware,New York
Rensselaer,New York
Washington,New York
Schuyler,New York
Wyoming,New York
Madison,New York
Schoharie,New York
Clinton,New York
Hamilton,New York
Livingston,New York
Chemung,New York
New York,New York
Niagara,New York
Ontario,New York
Steuben,New York
Warren,New York
Cattaraugus,New York
Putnam,New York
Saratoga,New York
Yates,New York
Montgomery,New York
Orange,New York
Oneida,New York
Richmond,New York
Rockland,New York
Monroe,New York
Allegany,New York
Cayuga,New York
Lewis,New York
Oswego,New York
Queens,New York
Westchester,New York
Chenango,New York
Kings,New York
Essex,New York
Fulton,New York
Genesee,New York
St. Lawrence,New York
Wayne,New York
Erie,New York
Franklin,New York
Otsego,New York
Ulster,New York
Cortland,New York
Greene,New York
Orleans,New York
Seneca,New York
Suffolk,New York
Albany,New York
Onondaga,New York
Sullivan,New York
Chautauqua,New York
Schenectady,New York
Tioga,New York
Bladen,North Carolina
Cabarrus,North Carolina
Gates,North Carolina
Greene,North Carolina
Rowan,North Carolina
Sampson,North Carolina
Hertford,North Carolina
Polk,North Carolina
Union,North Carolina
Anson,North Carolina
Lincoln,North Carolina
Pender,North Carolina
Warren,North Carolina
Yancey,North Carolina
Jones,North Carolina
Alexander,North Carolina
Ashe,North Carolina
Johnston,North Carolina
Stanly,North Carolina
Clay,North Carolina
Randolph,North Carolina
Haywood,North Carolina
Onslow,North Carolina
Northampton,North Carolina
Burke,North Carolina
Chatham,North Carolina
Craven,North Carolina
Granville,North Carolina
Montgomery,North Carolina
Currituck,North Carolina
Davie,North Carolina
Rockingham,North Carolina
Camden,North Carolina
Duplin,North Carolina
Edgecombe,North Carolina
Mitchell,North Carolina
Washington,North Carolina
Columbus,North Carolina
Durham,North Carolina
Graham,North Carolina
Stokes,North Carolina
Iredell,North Carolina
Macon,North Carolina
Alleghany,North Carolina
Gaston,North Carolina
Lenoir,North Carolina
Dare,North Carolina
Alamance,North Carolina
Avery,North Carolina
Harnett,North Carolina
Pamlico,North Carolina
Caldwell,North Carolina
Hyde,North Carolina
Jackson,North Carolina
Robeson,North Carolina
Tyrrell,North Carolina
Mecklenburg,North Carolina
Person,North Carolina
Richmond,North Carolina
Rutherford,North Carolina
Wayne,North Carolina
Wilkes,North Carolina
Caswell,North Carolina
Forsyth,North Carolina
Madison,North Carolina
Swain,North Carolina
Transylvania,North Carolina
Wake,North Carolina
Buncombe,North Carolina
Martin,North Carolina
Perquimans,North Carolina
Scotland,North Carolina
Vance,North Carolina
Beaufort,North Carolina
Brunswick,North Carolina
Davidson,North Carolina
Guilford,North Carolina
McDowell,North Carolina
Wilson,North Carolina
Carteret,North Carolina
Catawba,North Carolina
Franklin,North Carolina
Hoke,North Carolina
Pasquotank,North Carolina
Cleveland,North Carolina
Nash,North Carolina
Cherokee,North Carolina
Henderson,North Carolina
Moore,North Carolina
New Hanover,North Carolina
Surry,North Carolina
Yadkin,North Carolina
Chowan,North Carolina
Bertie,North Carolina
Cumberland,North Carolina
Halifax,North Carolina
Lee,North Carolina
Orange,North Carolina
Pitt,North Carolina
Watauga,North Carolina
Billings,North Dakota
Rolette,North Dakota
Foster,North Dakota
Kidder,North Dakota
Slope,North Dakota
Hettinger,North Dakota
McKenzie,North Dakota
Adams,North Dakota
Barnes,North Dakota
Sioux,North Dakota
Divide,North Dakota
Grant,North Dakota
Cavalier,North Dakota
Stark,North Dakota
Ward,North Dakota
McIntosh,North Dakota
Oliver,North Dakota
Ramsey,North Dakota
McHenry,North Dakota
Nelson,North Dakota
Walsh,North Dakota
Sargent,North Dakota
Burleigh,North Dakota
Emmons,North Dakota
McLean,North Dakota
Morton,North Dakota
Richland,North Dakota
Benson,North Dakota
Burke,North Dakota
Grand Forks,North Dakota
Dickey,North Dakota
Dunn,North Dakota
Williams,North Dakota
Golden Valley,North Dakota
Traill,North Dakota
Cass,North Dakota
Logan,North Dakota
Steele,North Dakota
Stutsman,North Dakota
Bottineau,North Dakota
Bowman,North Dakota
Wells,North Dakota
Pierce,North Dakota
Mercer,North Dakota
Ransom,North Dakota
Pembina,North Dakota
Sheridan,North Dakota
Renville,North Dakota
Eddy,North Dakota
Griggs,North Dakota
Towner,North Dakota
LaMoure,North Dakota
Mountrail,North Dakota
Marion,Ohio
Montgomery,Ohio
Ross,Ohio
Licking,Ohio
Portage,Ohio
Putnam,Ohio
Williams,Ohio
Adams,Ohio
Belmont,Ohio
Lucas,Ohio
Fayette,Ohio
Butler,Ohio
Crawford,Ohio
Geauga,Ohio
Ashland,Ohio
Pickaway,Ohio
Pike,Ohio
Preble,Ohio
Stark,Ohio
Wood,Ohio
Jackson,Ohio
Cuyahoga,Ohio
Darke,Ohio
Trumbull,Ohio
Clinton,Ohio
Warren,Ohio
Summit,Ohio
Lorain,Ohio
Muskingum,Ohio
Vinton,Ohio
Ashtabula,Ohio
Holmes,Ohio
Meigs,Ohio
Union,Ohio
Delaware,Ohio
Knox,Ohio
Van Wert,Ohio
Highland,Ohio
Madison,Ohio
Washington,Ohio
Auglaize,Ohio
Jefferson,Ohio
Morrow,Ohio
Richland,Ohio
Champaign,Ohio
Clark,Ohio
Hamilton,Ohio
Hardin,Ohio
Noble,Ohio
Wyandot,Ohio
Coshocton,Ohio
Franklin,Ohio
Logan,Ohio
Tuscarawas,Ohio
Erie,Ohio
Guernsey,Ohio
Hancock,Ohio
Perry,Ohio
Gallia,Ohio
Mahoning,Ohio
Monroe,Ohio
Athens,Ohio
Brown,Ohio
Defiance,Ohio
Medina,Ohio
Paulding,Ohio
Hocking,Ohio
Lawrence,Ohio
Morgan,Ohio
Fairfield,Ohio
Lake,Ohio
Ottawa,Ohio
Shelby,Ohio
Scioto,Ohio
Allen,Ohio
Greene,Ohio
Huron,Ohio
Wayne,Ohio
Seneca,Ohio
Harrison,Ohio
Miami,Ohio
Sandusky,Ohio
Carroll,Ohio
Henry,Ohio
Clermont,Ohio
Columbiana,Ohio
Fulton,Ohio
Mercer,Ohio
Choctaw,Oklahoma
Cimarron,Oklahoma
Beaver,Oklahoma
Blaine,Oklahoma
McClain,Oklahoma
Roger Mills,Oklahoma
Love,Oklahoma
Mayes,Oklahoma
Pittsburg,Oklahoma
Cherokee,Oklahoma
Kingfisher,Oklahoma
Stephens,Oklahoma
Carter,Oklahoma
Haskell,Oklahoma
Pawnee,Oklahoma
Rogers,Oklahoma
Washington,Oklahoma
Logan,Oklahoma
Adair,Oklahoma
Payne,Oklahoma
Tillman,Oklahoma
Nowata,Oklahoma
Beckham,Oklahoma
Harper,Oklahoma
Johnston,Oklahoma
Noble,Oklahoma
Okfuskee,Oklahoma
Cotton,Oklahoma
Murray,Oklahoma
Garvin,Oklahoma
Le Flore,Oklahoma
Pushmataha,Oklahoma
Hughes,Oklahoma
Kiowa,Oklahoma
Muskogee,Oklahoma
Ellis,Oklahoma
Okmulgee,Oklahoma
Texas,Oklahoma
Dewey,Oklahoma
Grant,Oklahoma
Woods,Oklahoma
Comanche,Oklahoma
Jackson,Oklahoma
Jefferson,Oklahoma
Garfield,Oklahoma
McCurtain,Oklahoma
Woodward,Oklahoma
Wagoner,Oklahoma
Caddo,Oklahoma
Kay,Oklahoma
Tulsa,Oklahoma
Atoka,Oklahoma
Latimer,Oklahoma
Major,Oklahoma
Marshall,Oklahoma
Alfalfa,Oklahoma
Cleveland,Oklahoma
Osage,Oklahoma
Craig,Oklahoma
Creek,Oklahoma
Greer,Oklahoma
Coal,Oklahoma
Grady,Oklahoma
Harmon,Oklahoma
Oklahoma,Oklahoma
Pontotoc,Oklahoma
Lincoln,Oklahoma
Sequoyah,Oklahoma
Washita,Oklahoma
Bryan,Oklahoma
Delaware,Oklahoma
McIntosh,Oklahoma
Ottawa,Oklahoma
Seminole,Oklahoma
Canadian,Oklahoma
Custer,Oklahoma
Pottawatomie,Oklahoma
Marion,Oregon
Multnomah,Oregon
Wasco,Oregon
Wheeler,Oregon
Deschutes,Oregon
Jackson,Oregon
Malheur,Oregon
Douglas,Oregon
Hood River,Oregon
Coos,Oregon
Columbia,Oregon
Lincoln,Oregon
Harney,Oregon
Lake,Oregon
Union,Oregon
Gilliam,Oregon
Yamhill,Oregon
Linn,Oregon
Curry,Oregon
Klamath,Oregon
Jefferson,Oregon
Lane,Oregon
Wallowa,Oregon
Washington,Oregon
Umatilla,Oregon
Benton,Oregon
Clackamas,Oregon
Josephine,Oregon
Crook,Oregon
Polk,Oregon
Tillamook,Oregon
Sherman,Oregon
Morrow,Oregon
Baker,Oregon
Grant,Oregon
Clatsop,Oregon
Erie,Pennsylvania
Monroe,Pennsylvania
Philadelphia,Pennsylvania
Bucks,Pennsylvania
Cumberland,Pennsylvania
Somerset,Pennsylvania
Cameron,Pennsylvania
Chester,Pennsylvania
Columbia,Pennsylvania
Juniata,Pennsylvania
Mercer,Pennsylvania
Schuylkill,Pennsylvania
York,Pennsylvania
Wyoming,Pennsylvania
Bedford,Pennsylvania
Bradford,Pennsylvania
Elk,Pennsylvania
Northumberland,Pennsylvania
Carbon,Pennsylvania
Lehigh,Pennsylvania
Centre,Pennsylvania
Clarion,Pennsylvania
Delaware,Pennsylvania
Lebanon,Pennsylvania
Beaver,Pennsylvania
Clinton,Pennsylvania
Montgomery,Pennsylvania
Warren,Pennsylvania
Cambria,Pennsylvania
Luzerne,Pennsylvania
Lycoming,Pennsylvania
Crawford,Pennsylvania
Wayne,Pennsylvania
Allegheny,Pennsylvania
Forest,Pennsylvania
Snyder,Pennsylvania
Armstrong,Pennsylvania
Westmoreland,Pennsylvania
Dauphin,Pennsylvania
Northampton,Pennsylvania
Washington,Pennsylvania
Blair,Pennsylvania
Indiana,Pennsylvania
Mifflin,Pennsylvania
Potter,Pennsylvania
Venango,Pennsylvania
Tioga,Pennsylvania
Huntingdon,Pennsylvania
Fayette,Pennsylvania
Franklin,Pennsylvania
Lancaster,Pennsylvania
McKean,Pennsylvania
Greene,Pennsylvania
Pike,Pennsylvania
Sullivan,Pennsylvania
Adams,Pennsylvania
Berks,Pennsylvania
Clearfield,Pennsylvania
Susquehanna,Pennsylvania
Butler,Pennsylvania
Jefferson,Pennsylvania
Lawrence,Pennsylvania
Montour,Pennsylvania
Perry,Pennsylvania
Union,Pennsylvania
Fulton,Pennsylvania
Lackawanna,Pennsylvania
Kent,Rhode Island
Providence,Rhode Island
Washington,Rhode Island
Newport,Rhode Island
Bristol,Rhode Island
Greenwood,South Carolina
Chester,South Carolina
Chesterfield,South Carolina
Richland,South Carolina
Dillon,South Carolina
McCormick,South Carolina
York,South Carolina
Colleton,South Carolina
Hampton,South Carolina
Orangeburg,South Carolina
Beaufort,South Carolina
Spartanburg,South Carolina
Bamberg,South Carolina
Calhoun,South Carolina
Williamsburg,South Carolina
Berkeley,South Carolina
Cherokee,South Carolina
Georgetown,South Carolina
Laurens,South Carolina
Edgefield,South Carolina
Lexington,South Carolina
Anderson,South Carolina
Sumter,South Carolina
Allendale,South Carolina
Lee,South Carolina
Marlboro,South Carolina
Dorchester,South Carolina
Florence,South Carolina
Horry,South Carolina
Kershaw,South Carolina
Lancaster,South Carolina
Newberry,South Carolina
Jasper,South Carolina
Union,South Carolina
Barnwell,South Carolina
Darlington,South Carolina
Pickens,South Carolina
Aiken,South Carolina
Fairfield,South Carolina
Marion,South Carolina
Saluda,South Carolina
Oconee,South Carolina
Clarendon,South Carolina
Charleston,South Carolina
Abbeville,South Carolina
Greenville,South Carolina
Lake,South Dakota
Corson,South Dakota
Miner,South Dakota
Douglas,South Dakota
Deuel,South Dakota
Jackson,South Dakota
Pennington,South Dakota
Turner,South Dakota
Campbell,South Dakota
Hughes,South Dakota
Aurora,South Dakota
Edmunds,South Dakota
McCook,South Dakota
Oglala Lakota,South Dakota
Bennett,South Dakota
Butte,South Dakota
Marshall,South Dakota
Roberts,South Dakota
Brown,South Dakota
Buffalo,South Dakota
Harding,South Dakota
Tripp,South Dakota
Dewey,South Dakota
Yankton,South Dakota
Brule,South Dakota
Davison,South Dakota
McPherson,South Dakota
Sanborn,South Dakota
Todd,South Dakota
Fall River,South Dakota
Kingsbury,South Dakota
Beadle,South Dakota
Hanson,South Dakota
Minnehaha,South Dakota
Codington,South Dakota
Day,South Dakota
Grant,South Dakota
Union,South Dakota
Ziebach,South Dakota
Jerauld,South Dakota
Moody,South Dakota
Faulk,South Dakota
Sully,South Dakota
Lincoln,South Dakota
Hamlin,South Dakota
Brookings,South Dakota
Mellette,South Dakota
Stanley,South Dakota
Walworth,South Dakota
Perkins,South Dakota
Custer,South Dakota
Gregory,South Dakota
Lawrence,South Dakota
Hand,South Dakota
Jones,South Dakota
Bon Homme,South Dakota
Clay,South Dakota
Haakon,South Dakota
Hutchinson,South Dakota
Charles Mix,South Dakota
Spink,South Dakota
Clark,South Dakota
Lyman,South Dakota
Hyde,South Dakota
Meade,South Dakota
Potter,South Dakota
Bedford,Tennessee
Sevier,Tennessee
Sumner,Tennessee
Hamblen,Tennessee
Hancock,Tennessee
Greene,Tennessee
Grundy,Tennessee
Sullivan,Tennessee
Giles,Tennessee
Hardin,Tennessee
Haywood,Tennessee
Perry,Tennessee
Polk,Tennessee
Van Buren,Tennessee
Bledsoe,Tennessee
Bradley,Tennessee
Madison,Tennessee
Pickett,Tennessee
Rutherford,Tennessee
Knox,Tennessee
Lake,Tennessee
Macon,Tennessee
Wayne,Tennessee
Tipton,Tennessee
Jefferson,Tennessee
McNairy,Tennessee
Dickson,Tennessee
Gibson,Tennessee
Shelby,Tennessee
Williamson,Tennessee
Anderson,Tennessee
Hamilton,Tennessee
Lauderdale,Tennessee
White,Tennessee
Cheatham,Tennessee
Cumberland,Tennessee
Fayette,Tennessee
Hawkins,Tennessee
Henry,Tennessee
Franklin,Tennessee
McMinn,Tennessee
Smith,Tennessee
Washington,Tennessee
Fentress,Tennessee
Humphreys,Tennessee
Marion,Tennessee
Dyer,Tennessee
Grainger,Tennessee
Sequatchie,Tennessee
Carroll,Tennessee
Morgan,Tennessee
Coffee,Tennessee
Henderson,Tennessee
Monroe,Tennessee
Roane,Tennessee
Union,Tennessee
Wilson,Tennessee
Hardeman,Tennessee
Chester,Tennessee
Davidson,Tennessee
Lawrence,Tennessee
Overton,Tennessee
Campbell,Tennessee
Carter,Tennessee
Johnson,Tennessee
Meigs,Tennessee
Hickman,Tennessee
Scott,Tennessee
Decatur,Tennessee
Maury,Tennessee
Putnam,Tennessee
Unicoi,Tennessee
Blount,Tennessee
Claiborne,Tennessee
Montgomery,Tennessee
Benton,Tennessee
Cannon,Tennessee
Obion,Tennessee
Stewart,Tennessee
Clay,Tennessee
Robertson,Tennessee
Cocke,Tennessee
DeKalb,Tennessee
Lewis,Tennessee
Lincoln,Tennessee
Rhea,Tennessee
Warren,Tennessee
Houston,Tennessee
Marshall,Tennessee
Crockett,Tennessee
Jackson,Tennessee
Loudon,Tennessee
Moore,Tennessee
Trousdale,Tennessee
Weakley,Tennessee
Comanche,Texas
Crosby,Texas
Houston,Texas
Val Verde,Texas
Burnet,Texas
Callahan,Texas
Guadalupe,Texas
Maverick,Texas
Nolan,Texas
Orange,Texas
Terry,Texas
Zavala,Texas
Anderson,Texas
Bandera,Texas
Cameron,Texas
Foard,Texas
Jim Wells,Texas
Randall,Texas
Reeves,Texas
McLennan,Texas
Brazoria,Texas
Brazos,Texas
Cass,Texas
Chambers,Texas
Dawson,Texas
Floyd,Texas
Gonzales,Texas
Lampasas,Texas
Liberty,Texas
Rockwall,Texas
Smith,Texas
Waller,Texas
Aransas,Texas
Fort Bend,Texas
Frio,Texas
Gregg,Texas
Hamilton,Texas
Hockley,Texas
Jeff Davis,Texas
Montague,Texas
Moore,Texas
Bailey,Texas
Collin,Texas
Eastland,Texas
Gillespie,Texas
Hunt,Texas
Jim Hogg,Texas
Kimble,Texas
Tom Green,Texas
Walker,Texas
Atascosa,Texas
Garza,Texas
Haskell,Texas
Limestone,Texas
Llano,Texas
Loving,Texas
Potter,Texas
Shelby,Texas
Tarrant,Texas
Taylor,Texas
Brooks,Texas
Calhoun,Texas
Fannin,Texas
Gaines,Texas
Howard,Texas
Kerr,Texas
Morris,Texas
Parmer,Texas
Runnels,Texas
Trinity,Texas
Bee,Texas
Brown,Texas
Cherokee,Texas
Crockett,Texas
Edwards,Texas
Hidalgo,Texas
Reagan,Texas
Victoria,Texas
Comal,Texas
Crane,Texas
Dimmit,Texas
Hopkins,Texas
Mitchell,Texas
Schleicher,Texas
Somervell,Texas
Stephens,Texas
Uvalde,Texas
Washington,Texas
Wharton,Texas
Bell,Texas
Cooke,Texas
Culberson,Texas
Hansford,Texas
Hays,Texas
Lubbock,Texas
Newton,Texas
Red River,Texas
Carson,Texas
Freestone,Texas
Galveston,Texas
Johnson,Texas
King,Texas
La Salle,Texas
Matagorda,Texas
Midland,Texas
Refugio,Texas
Shackelford,Texas
Ward,Texas
Wichita,Texas
Wise,Texas
Harris,Texas
Jones,Texas
Kendall,Texas
Roberts,Texas
Swisher,Texas
Andrews,Texas
El Paso,Texas
Fisher,Texas
Glasscock,Texas
Hale,Texas
Hardeman,Texas
Presidio,Texas
Rusk,Texas
Throckmorton,Texas
Blanco,Texas
Bosque,Texas
Bowie,Texas
Ector,Texas
Goliad,Texas
Grimes,Texas
Lamar,Texas
Live Oak,Texas
Menard,Texas
Nacogdoches,Texas
Oldham,Texas
Rains,Texas
San Patricio,Texas
Upton,Texas
Cochran,Texas
Hood,Texas
Kaufman,Texas
Kent,Texas
Scurry,Texas
Stonewall,Texas
Yoakum,Texas
Armstrong,Texas
Borden,Texas
Coryell,Texas
DeWitt,Texas
Donley,Texas
Franklin,Texas
Karnes,Texas
Mills,Texas
Montgomery,Texas
Palo Pinto,Texas
San Augustine,Texas
Terrell,Texas
Wilbarger,Texas
Archer,Texas
Concho,Texas
Dallas,Texas
Duval,Texas
Harrison,Texas
Jefferson,Texas
Lynn,Texas
Medina,Texas
Nueces,Texas
Polk,Texas
San Saba,Texas
Sterling,Texas
Webb,Texas
Coleman,Texas
Denton,Texas
Ellis,Texas
Gray,Texas
Lipscomb,Texas
Martin,Texas
Milam,Texas
Sutton,Texas
Winkler,Texas
Young,Texas
Angelina,Texas
Bastrop,Texas
Childress,Texas
Clay,Texas
Coke,Texas
Hardin,Texas
Hill,Texas
Jackson,Texas
Jasper,Texas
Kinney,Texas
Lee,Texas
Leon,Texas
Camp,Texas
Castro,Texas
Collingsworth,Texas
McCulloch,Texas
Ochiltree,Texas
San Jacinto,Texas
Titus,Texas
Williamson,Texas
Caldwell,Texas
Dallam,Texas
Deaf Smith,Texas
Grayson,Texas
Hartley,Texas
Henderson,Texas
Jack,Texas
Knox,Texas
Lamb,Texas
Panola,Texas
Sabine,Texas
Tyler,Texas
Burleson,Texas
Cottle,Texas
Dickens,Texas
Falls,Texas
Hudspeth,Texas
McMullen,Texas
Robertson,Texas
Austin,Texas
Briscoe,Texas
Colorado,Texas
Kenedy,Texas
Madison,Texas
Sherman,Texas
Willacy,Texas
Irion,Texas
Lavaca,Texas
Parker,Texas
Pecos,Texas
Real,Texas
Wilson,Texas
Zapata,Texas
Delta,Texas
Erath,Texas
Wood,Texas
Baylor,Texas
Fayette,Texas
Hutchinson,Texas
Kleberg,Texas
Navarro,Texas
Starr,Texas
Travis,Texas
Upshur,Texas
Bexar,Texas
Brewster,Texas
Hall,Texas
Hemphill,Texas
Marion,Texas
Mason,Texas
Motley,Texas
Van Zandt,Texas
Wheeler,Texas
Juab,Utah
Salt Lake,Utah
Grand,Utah
Wayne,Utah
Davis,Utah
Carbon,Utah
Morgan,Utah
Rich,Utah
Utah,Utah
Wasatch,Utah
Beaver,Utah
Daggett,Utah
Summit,Utah
Duchesne,Utah
Emery,Utah
San Juan,Utah
Cache,Utah
Millard,Utah
Sevier,Utah
Piute,Utah
Garfield,Utah
Washington,Utah
Weber,Utah
Kane,Utah
Sanpete,Utah
Box Elder,Utah
Iron,Utah
Uintah,Utah
Tooele,Utah
Caledonia,Vermont
Orleans,Vermont
Franklin,Vermont
Bennington,Vermont
Chittenden,Vermont
Essex,Vermont
Rutland,Vermont
Windsor,Vermont
Lamoille,Vermont
Washington,Vermont
Windham,Vermont
Orange,Vermont
Addison,Vermont
Grand Isle,Vermont
Craig,Virginia
King William,Virginia
Madison,Virginia
Northumberland,Virginia
Rappahannock,Virginia
Hanover,Virginia
Alexandria,Virginia
Bland,Virginia
Culpeper,Virginia
Goochland,Virginia
Powhatan,Virginia
Falls Church,Virginia
Staunton,Virginia
Charles City,Virginia
Southampton,Virginia
Bristol,Virginia
Radford,Virginia
Chesterfield,Virginia
Richmond,Virginia
Greene,Virginia
Lunenburg,Virginia
Covington,Virginia
Fredericksburg,Virginia
Roanoke,Virginia
Buchanan,Virginia
Frederick,Virginia
Northampton,Virginia
Smyth,Virginia
Buckingham,Virginia
Isle of Wight,Virginia
James City,Virginia
Patrick,Virginia
Scott,Virginia
Brunswick,Virginia
Campbell,Virginia
Giles,Virginia
Greensville,Virginia
Montgomery,Virginia
Pulaski,Virginia
Washington,Virginia
Manassas Park,Virginia
Accomack,Virginia
Lancaster,Virginia
Loudoun,Virginia
Mathews,Virginia
New Kent,Virginia
Suffolk,Virginia
Waynesboro,Virginia
Lee,Virginia
Orange,Virginia
Franklin,Virginia
Salem,Virginia
Fluvanna,Virginia
Galax,Virginia
Petersburg,Virginia
Albemarle,Virginia
Grayson,Virginia
Prince Edward,Virginia
Prince George,Virginia
Russell,Virginia
Caroline,Virginia
Dickenson,Virginia
Floyd,Virginia
Henry,Virginia
Middlesex,Virginia
Charlottesville,Virginia
Williamsburg,Virginia
Nottoway,Virginia
Pittsylvania,Virginia
Shenandoah,Virginia
Wise,Virginia
Emporia,Virginia
Amelia,Virginia
Roanoke,Virginia
Sussex,Virginia
Virginia Beach,Virginia
Winchester,Virginia
Alleghany,Virginia
Carroll,Virginia
Charlotte,Virginia
King George,Virginia
Mecklenburg,Virginia
Page,Virginia
Westmoreland,Virginia
Hampton,Virginia
Lexington,Virginia
Essex,Virginia
Franklin,Virginia
King and Queen,Virginia
Tazewell,Virginia
Danville,Virginia
Hopewell,Virginia
Bedford,Virginia
Nelson,Virginia
Prince William,Virginia
Warren,Virginia
Buena Vista,Virginia
Colonial Heights,Virginia
Norfolk,Virginia
Gloucester,Virginia
Augusta,Virginia
Newport News,Virginia
Poquoson,Virginia
Amherst,Virginia
Bath,Virginia
Botetourt,Virginia
Clarke,Virginia
Cumberland,Virginia
Highland,Virginia
Rockingham,Virginia
Stafford,Virginia
Norton,Virginia
Arlington,Virginia
Halifax,Virginia
Fairfax,Virginia
Lynchburg,Virginia
Appomattox,Virginia
Louisa,Virginia
Harrisonburg,Virginia
Portsmouth,Virginia
Richmond,Virginia
Rockbridge,Virginia
Surry,Virginia
Chesapeake,Virginia
Manassas,Virginia
Dinwiddie,Virginia
Henrico,Virginia
Spotsylvania,Virginia
York,Virginia
Martinsville,Virginia
Fairfax,Virginia
Fauquier,Virginia
Wythe,Virginia
Grant,Washington
Okanogan,Washington
Clallam,Washington
Grays Harbor,Washington
Pierce,Washington
Ferry,Washington
Columbia,Washington
Garfield,Washington
Spokane,Washington
Clark,Washington
Thurston,Washington
Lincoln,Washington
Pacific,Washington
Jefferson,Washington
Benton,Washington
San Juan,Washington
Klickitat,Washington
Lewis,Washington
Asotin,Washington
Kitsap,Washington
Mason,Washington
Whatcom,Washington
Walla Walla,Washington
Skagit,Washington
Yakima,Washington
Douglas,Washington
Franklin,Washington
Pend Oreille,Washington
Snohomish,Washington
Stevens,Washington
Island,Washington
Adams,Washington
Wahkiakum,Washington
King,Washington
Kittitas,Washington
Whitman,Washington
Skamania,Washington
Cowlitz,Washington
Chelan,Washington
Barbour,West Virginia
Wetzel,West Virginia
Boone,West Virginia
Mason,West Virginia
Monongalia,West Virginia
Taylor,West Virginia
Wyoming,West Virginia
Cabell,West Virginia
Pendleton,West Virginia
Raleigh,West Virginia
Upshur,West Virginia
Doddridge,West Virginia
Lewis,West Virginia
Logan,West Virginia
Pleasants,West Virginia
Jefferson,West Virginia
Nicholas,West Virginia
Brooke,West Virginia
Morgan,West Virginia
Ohio,West Virginia
Greenbrier,West Virginia
Monroe,West Virginia
Harrison,West Virginia
Mineral,West Virginia
Lincoln,West Virginia
Wood,West Virginia
Berkeley,West Virginia
Wirt,West Virginia
Hampshire,West Virginia
Jackson,West Virginia
McDowell,West Virginia
Ritchie,West Virginia
Mercer,West Virginia
Randolph,West Virginia
Roane,West Virginia
Summers,West Virginia
Braxton,West Virginia
Marion,West Virginia
Marshall,West Virginia
Tyler,West Virginia
Tucker,West Virginia
Putnam,West Virginia
Wayne,West Virginia
Clay,West Virginia
Grant,West Virginia
Mingo,West Virginia
Webster,West Virginia
Kanawha,West Virginia
Pocahontas,West Virginia
Preston,West Virginia
Calhoun,West Virginia
Gilmer,West Virginia
Fayette,West Virginia
Hardy,West Virginia
Hancock,West Virginia
Dane,Wisconsin
Jefferson,Wisconsin
Outagamie,Wisconsin
Richland,Wisconsin
Green,Wisconsin
Winnebago,Wisconsin
Dodge,Wisconsin
Washburn,Wisconsin
Wood,Wisconsin
Rock,Wisconsin
Vilas,Wisconsin
Washington,Wisconsin
Waushara,Wisconsin
Jackson,Wisconsin
Juneau,Wisconsin
Pepin,Wisconsin
Vernon,Wisconsin
Clark,Wisconsin
Douglas,Wisconsin
Adams,Wisconsin
Kewaunee,Wisconsin
Marathon,Wisconsin
Trempealeau,Wisconsin
Florence,Wisconsin
Kenosha,Wisconsin
Walworth,Wisconsin
Waupaca,Wisconsin
Forest,Wisconsin
Iron,Wisconsin
Marinette,Wisconsin
Monroe,Wisconsin
Rusk,Wisconsin
St. Croix,Wisconsin
Shawano,Wisconsin
Marquette,Wisconsin
Calumet,Wisconsin
Oneida,Wisconsin
Taylor,Wisconsin
Chippewa,Wisconsin
Crawford,Wisconsin
Eau Claire,Wisconsin
Grant,Wisconsin
Price,Wisconsin
Door,Wisconsin
Racine,Wisconsin
Buffalo,Wisconsin
Pierce,Wisconsin
Bayfield,Wisconsin
Dunn,Wisconsin
Milwaukee,Wisconsin
Ashland,Wisconsin
Burnett,Wisconsin
Iowa,Wisconsin
Lincoln,Wisconsin
Menominee,Wisconsin
Portage,Wisconsin
Sheboygan,Wisconsin
Barron,Wisconsin
Green Lake,Wisconsin
Manitowoc,Wisconsin
Sauk,Wisconsin
Sawyer,Wisconsin
Brown,Wisconsin
La Crosse,Wisconsin
Polk,Wisconsin
Oconto,Wisconsin
Columbia,Wisconsin
Fond du Lac,Wisconsin
Waukesha,Wisconsin
Lafayette,Wisconsin
Langlade,Wisconsin
Ozaukee,Wisconsin
Washakie,Wyoming
Crook,Wyoming
Sublette,Wyoming
Niobrara,Wyoming
Sheridan,Wyoming
Teton,Wyoming
Platte,Wyoming
Big Horn,Wyoming
Campbell,Wyoming
Carbon,Wyoming
Hot Springs,Wyoming
Lincoln,Wyoming
Natrona,Wyoming
Goshen,Wyoming
Laramie,Wyoming
Park,Wyoming
Weston,Wyoming
Fremont,Wyoming
Converse,Wyoming
Johnson,Wyoming
Sweetwater,Wyoming
Uinta,Wyoming